{"cameraMode":{"drawMode":0,"name":"Shaded","section":"Shading Mode"},"sceneLighting":true,"audioPlay":false,"sceneViewState":{"m_AlwaysRefresh":false,"showFog":false,"showSkybox":false,"showFlares":false,"showImageEffects":true,"showParticleSystems":true,"showVisualEffectGraphs":true,"m_FxEnabled":true},"in2DMode":false,"pivot":{"x":1.4160128831863404,"y":10.238292694091797,"z":-20.668855667114259},"rotation":{"x":0.03479880467057228,"y":-0.013497546315193177,"z":0.0004707924963440746,"w":0.9993053674697876},"size":0.007165831979364157,"orthographic":false}