{"cameraMode":{"drawMode":0,"name":"Shaded","section":"Shading Mode"},"sceneLighting":false,"audioPlay":false,"sceneViewState":{"m_AlwaysRefresh":false,"showFog":false,"showSkybox":false,"showFlares":false,"showImageEffects":true,"showParticleSystems":true,"showVisualEffectGraphs":true,"m_FxEnabled":true},"in2DMode":false,"pivot":{"x":-4.439655780792236,"y":-0.37355273962020876,"z":-6.430206298828125},"rotation":{"x":0.020609930157661439,"y":0.2536342144012451,"z":-0.005406707990914583,"w":0.9670685529708862},"size":0.35718291997909548,"orthographic":false}