{"cameraMode":{"drawMode":0,"name":"Shaded","section":"Shading Mode"},"sceneLighting":false,"audioPlay":false,"sceneViewState":{"m_AlwaysRefresh":false,"showFog":false,"showSkybox":false,"showFlares":false,"showImageEffects":true,"showParticleSystems":true,"showVisualEffectGraphs":true,"m_FxEnabled":true},"in2DMode":false,"pivot":{"x":1.2703152894973755,"y":-1.1751420497894288,"z":-3.2387332916259767},"rotation":{"x":0.01018878910690546,"y":0.01859603263437748,"z":0.0001897198671940714,"w":-0.999774158000946},"size":0.7471763491630554,"orthographic":false}